編號,名稱,英文,等級,需要主線,章節,地點,屬性,物理防禦,魔法防禦,物理抗性,魔法抗性,迴避,抗暴,慣性變動率,控制,限傷,階段/模式,破位效果,注意,img_url
1,科隆老大,boss colon,1/10/20/30/50,不用,1,規劃中地區,地,7,7,0%,0%,11,0,物理:10 魔法:10 普攻:15,膽怯 ✓ | 翻覆 ✓ | 昏厥 ✓,,,,,https://raw.githubusercontent.com/FengLingYu7563/image/refs/heads/main/toramtoram/boss/bosscolon.png
2,出土魔像,excavated golem,6/16/26/36/56,不用,1,淵底的遺跡•最深處,無,12,12,0%,0%,12,0,物理:15 魔法:15 普攻:10,膽怯 ✓ | 翻覆 ✓ | 昏厥 ✓,,,破位會把防減到0,,https://raw.githubusercontent.com/FengLingYu7563/image/refs/heads/main/toramtoram/boss/excavatedgolem.png
3,詭譎的結晶,eerie crystal,14/24/34/44/64,不用,1,凱渥斯峽谷•龍洞穴,暗,0,0,0%,0%,0,0,物理:5 魔法:5 普攻:30,膽怯 ✓ | 翻覆 ✓ | 昏厥 ✓,,,,,https://raw.githubusercontent.com/FengLingYu7563/image/refs/heads/main/toramtoram/boss/eeriecrystal.png
4,米諾陶斯,minotaur,22/32/42/52/72,不用,1,廢棄的寺院•封印之廳,風,32,32,1%,1%,48,0,物理:5 魔法:5 普攻:30,膽怯 ✓ | 翻覆 ✓ | 昏厥 ✓,,當BOSS生命低於20%，阻擋率變兩倍持續10秒並進行3次衝撞，衝撞附帶點燃效果,,,https://raw.githubusercontent.com/FengLingYu7563/image/refs/heads/main/toramtoram/boss/minotaur.png
5,迪賽爾蠻龍,brutal dragon decel,30/40/50/60/80,不用,1,尼賽爾山•山頂,地,20,20,1%,1%,75,0,物理:20 魔法:20 普攻:8,膽怯 ✓ | 翻覆 ✓ | 昏厥 ✓,,受到翻覆時，格擋率會增加，持續12秒,,,https://raw.githubusercontent.com/FengLingYu7563/image/refs/heads/main/toramtoram/boss/bddecel.png
6,毛咕嚕,mochelo,33/43/53/63/83,要,2,焦熱山峰•A3,風,0,0,1%,1%,64,0,物理:50 魔法:50 普攻:3,膽怯 ✓ | 翻覆 ✓ | 昏厥 ✓,,Boss 的攻擊力和射程在生命值 50% 和 25% 時降低,,,https://raw.githubusercontent.com/FengLingYu7563/image/refs/heads/main/toramtoram/boss/mochelo.png
7,焰狼火各,flare volg,40/50/60/70/90,不用,2,焦熱山峰•熔岩小徑,火,階段1: 100 階段2: 62,階段1: 100 階段2: 62 ,2%,2%,56,0,物理: 25 魔法: 25 普攻: 6 ,膽怯 ✓ | 翻覆 ✓ | 昏厥 ✓,,50%HP後進入第2階段,破位降低雙防25%,,https://raw.githubusercontent.com/FengLingYu7563/image/refs/heads/main/toramtoram/boss/mochelo.png
8,黏液怪,ooze,42/52/62/72/92,不用,2,盧泰斯巨穴•底部,水,78,78,12%,12%,0,0,物理: 5 魔法: 5 普攻: 30,膽怯 ✓ | 翻覆 ✓ | 昏厥 ✓,,,破位手會降低25%阻擋率,,https://raw.githubusercontent.com/FengLingYu7563/image/refs/heads/main/toramtoram/boss/ooze.png
9,馬維茲,mauez,45/55/65/75/95,不用,2,新月鬼殿•內室,水,階段1: 165 階段2: 28,階段1: 165 階段2: 28,7%,7%,階段1: 41 階段2: 246 ,0,物理: 10 魔法: 10 普攻: 15,膽怯 ✓ | 翻覆 ✓ | 昏厥 ✓,,"50%HP後進入第2階段，boss會走到場地中央，並釋放兩次全地圖AOE攻擊，第一次流血，第二次沉默，閃躲率提高持續10秒。
第2階段閃躲率提高。",,,https://raw.githubusercontent.com/FengLingYu7563/image/refs/heads/main/toramtoram/boss/mauez.png
10,甘瑞夫,ganglef,48/58/68/78/98,要,2,斯卡羅街區•最深處,地,232,58,1%,5%,43,0,物理: 25 魔法: 25 普攻: 6 ,膽怯 ✓ | 翻覆 ✓ | 昏厥 ✓,,50%HP後進入第2階段，會有兩隻小怪，隨著時間的推移會生更多，最多8隻,3破把阻擋率變為0,,https://raw.githubusercontent.com/FengLingYu7563/image/refs/heads/main/toramtoram/boss/ganglef.png
11,惡魔之門,demon's gate,50/60/70/80/100,不用,2,薩哈姆陷落地帶,暗,180,180,平常: 2% 膽怯後: 20%,平常: 2% 膽怯後: 20%,0,0,物理: 1 魔法: 1 普攻: 150 ,"膽怯 🛆 | 翻覆 ✓ | 昏厥 ✓ 
膽怯後它的阻擋率會增加15秒",,,,,https://raw.githubusercontent.com/FengLingYu7563/image/refs/heads/main/toramtoram/boss/demonsgate.png
12,獠牙王,boss roga,52/62/72/82/102,要,2,薩哈姆地下洞穴•最深處,無,平常: 62 控制: 186,平常: 62 控制: 186,平常: 2% 控制: 27%,平常: 2% 控制: 27%,平常: 279 控制: 93,0,物理: 10 魔法: 10 普攻: 15,"膽怯 🛆 | 翻覆 🛆 | 昏厥 🛆 
造成膽怯/翻覆/昏厥時 防禦力和抗性大增且無法疊傷",,,,,https://raw.githubusercontent.com/FengLingYu7563/image/refs/heads/main/toramtoram/boss/bossroga.png
13,上古女帝,ancient empress,54/64/74/84/104,不用,3,上古女帝陵墓•最深處,光,32,32,52%,52%,48,0,物理: 10 魔法: 10 普攻: 15,膽怯 ✓ | 翻覆 ✓ | 昏厥 ✓,,,,,https://raw.githubusercontent.com/FengLingYu7563/image/refs/heads/main/toramtoram/boss/ancientempress.png
14,蒙面戰士,masked warrior,57/67/77/87/107,不用,3,莊園開墾地•高臺,火,134,134,2%,2%,200,0,物理: 25 魔法: 25 普攻: 6 ,膽怯 ✓ | 翻覆 ✓ | 昏厥 ✓,,,破位會增加boss的移速,,https://raw.githubusercontent.com/FengLingYu7563/image/refs/heads/main/toramtoram/boss/maskedwarrior.png
15,石柱魔像,pillar golem,60/70/80/90/110,不用,3,消失的城鎮•結界前,地,平常: 140 激怒模式: 1400,平常: 140 激怒模式: 1400,平常: 2% 激怒模式: 12%,平常: 2% 激怒模式: 12%,11,0,物理: 25 魔法: 25 普攻: 6 ,膽怯 🛆 | 翻覆 🛆 | 昏厥 ✓ ,,"當它是黃色時,膽/翻會使它變紅色並進入激怒模式10秒,在這期間它的防禦和攻擊力會明顯增加",破位會降低它的移動速度,,https://github.com/FengLingYu7563/image/blob/main/toramtoram/boss/pillargolem.png
16,草龍耶佛,grass dragon yelb,63/73/83/93/113,不用,3,維雪蝕刻地•先境之民村落,地,正常:146 防禦模式:1022,正常:219 防禦模式:657,正常:2% 防禦模式:22%,正常:2% 防禦模式:2%,87,0,物理: 50 魔法: 50 普攻: 3 ,膽怯 ✓ | 翻覆 ✓ | 昏厥 ✓,,"狂暴模式＆防禦模式：
遲緩/停止/著火會讓它進入狂暴模式30秒,狂暴時防禦減半但移動速度增加
當它在一瞬間受到大於3%HP時,會同時進入狂暴和防禦模式30秒 麻痺/降防可以解除它的防禦模式",,,https://raw.githubusercontent.com/FengLingYu7563/image/refs/heads/main/toramtoram/boss/yelb.png
17,奴雷德斯,nurethoth,66/76/86/96/116,要,3,異界之門•最深處,暗,階段1: 152 階段2: 76,階段1: 152 階段2: 76,階段1: 23 階段2: 3,階段1: 23 階段2: 3,階段1: 57 階段2: 285,0,物理: 2 魔法: 2 普攻: 75,"階段1: 膽怯 🛆 | 翻覆 🛆 | 昏厥 🛆
當重複對boss附加膽翻葷時，boss會反擊，釋放AOE並附加與攻擊相同狀態
階段2: 膽怯 ✓ | 翻覆 ✓ | 昏厥 ✓",,50%血量切換到階段2,,,https://raw.githubusercontent.com/FengLingYu7563/image/refs/heads/main/toramtoram/boss/nuretoth.png
18,葛瓦,goovua,72/82/92/102/122,不用,4,阿卡克廢城•城外荒郊,無,階段1: 41 階段2: 57 階段3: 82 瀕危: 0,階段1: 41 階段2: 57 階段3: 82 瀕危: 0,3%,3%,階段1: 246 階段2: 273 階段3: 308 瀕危: 0,0,物理: 10 魔法: 10 普攻: 15,膽怯 ✓ | 翻覆 ✓ | 昏厥 ✓,,"戰鬥開始後30秒切換到階段2，再經過30秒切換到階段3
血量20%進入瀕危模式，BOSS的防禦變為0，但王的攻擊造成約10倍的傷害且無視玩家防禦",,,https://raw.githubusercontent.com/FengLingYu7563/image/refs/heads/main/toramtoram/boss/goovua.png
19,魔形機殼,scrader,75/85/95/105/125,不用,4,魔法廢棄物處理場•最深處,暗,255,255,3%,3%,64,0,物理: 1 魔法: 1 普攻: 150 ,膽怯 ✓ | 翻覆 ✓ | 昏厥 ✓,,一次造成超過其最大生命值 2% 的傷害將導致 Boss 進入狂暴模式（紅色），持續 20 秒。在狂暴模式下，Boss的ATK和MATK都會增加。,,,https://raw.githubusercontent.com/FengLingYu7563/image/refs/heads/main/toramtoram/boss/scrader.png
20,虛假黑騎士,black knight of delusion,78/88/98/108/128,要,4,月之恩澤山頂,暗,176,176,階段1: 23% 階段2: 33%,階段1: 23% 階段2: 33%,231,0,物理: 30 魔法: 30 普攻: 5 ,"膽怯 ✓ | 翻覆 🛆 | 昏厥 🛆
被翻/昏時，BOSS會往左(階段1)或往右(階段2)退",,50%HP從階段1切換到階段2,,,https://raw.githubusercontent.com/FengLingYu7563/image/refs/heads/main/toramtoram/boss/bkod.png
21,魔晶獸,supreme evil crystal beast,81/91/101/111/131,要,4,彼岸黃泉•最深處,暗,階段1: 274 階段2: 165,階段1: 320 階段2: 183,3%,3%,階段1: 136 階段2: 163,0,物理: 30 魔法: 30 普攻: 5 ,"階段1(紫色): 膽怯 🛆 | 翻覆 ✓ | 昏厥 🛆 
膽/昏會讓它的格擋率變為100%10秒 
階段2(紅色): 膽怯 🛆 | 翻覆 🛆 | 昏厥 🛆 
膽/翻/昏都會讓它的閃躲率變為100%10秒",,"血量低於25%進入階段2(紅色),當它受到超過3%HP的傷害時,它的格擋率(階段1中)/閃躲率(階段2中)會變為100%10秒",,,https://raw.githubusercontent.com/FengLingYu7563/image/refs/heads/main/toramtoram/boss/supremeecb.png
22,地獄三頭犬,cerberus,87/97/107/117/137,不用,5,轉生泉•頂層,藍: 水; 紅: 火; 黃: 風; 白: 無,平常: 146 膽怯後: 970 翻覆後: 49 昏厥後: 97 瀕危模式: 194,平常: 146 膽怯後: 970 翻覆後: 49 昏厥後: 97 瀕危模式: 194,平常: 3% 膽怯後: 50% 翻覆後: 3% 昏厥後: -5% 瀕危模式: 10%,平常: 3% 膽怯後: 3% 翻覆後: 50% 昏厥後: -5% 瀕危模式: 10%,145,0,物理: 20 魔法: 15 普攻: 15 ,"生命 >= 75%
膽怯 🛆 | 翻覆 🛆 | 昏厥 🛆 
膽怯 -> 火屬性，魔防魔抗↓，物防物抗↑
翻覆 -> 火屬性，魔防魔抗↑，物防物抗↓
昏厥 -> 風屬姓，降雙防雙抗
生命 < 25% (白色)
膽怯 ✓ | 翻覆 ✓ | 昏厥 ✓ ",,,,非坦克必須隨時留意坦克的位置，以防BOSS以坦克為中心作為安全點釋放全圖AOE,https://raw.githubusercontent.com/FengLingYu7563/image/refs/heads/main/toramtoram/boss/cerberus.png
23,風魔兵長佐魯邦,zolban,88/98/108/118/138,要,5,闇之鏡,風,196,392,3%,3%,588,0,物理: 1 魔法: 1 普攻: 1 ,"膽怯 🛆 | 翻覆 ✓ | 昏厥 🛆 
膽的時候BOSS會迅速後退，昏的時候以BOSS為中心造成小範圍AOE，帶有停止效果",,,,,https://raw.githubusercontent.com/FengLingYu7563/image/refs/heads/main/toramtoram/boss/zolban.png
24,紅晶魔蛛,aranea,90/100/110/120/140,不用,5,昇華觀園•中央區,地,階段1: 130 階段2: 120,階段1: 110 階段2: 100,4%,4%,階段1: 300 階段2: 375,0,物理: 20 魔法: 15 普攻: 10,膽怯 ✓ | 翻覆 ✓ | 昏厥 ✓,,,,,https://raw.githubusercontent.com/FengLingYu7563/image/refs/heads/main/toramtoram/boss/aranea.png
25,魔晶砲手,bexiz,93/103/113/123/143,要,5,戰士搖籃•最深處,無,216,247,4%,4%,123,0,物理: 40 魔法: 50 普攻: 35,"膽怯 ✓ | 翻覆 🛆 | 昏厥 🛆 
翻/昏不會讓他停止,而是會換攻擊方式",,,,如果 Boss 在 10 秒內沒有受到傷害，Boss 將開始自我治療，直到造成下一次傷害。,https://raw.githubusercontent.com/FengLingYu7563/image/refs/heads/main/toramtoram/boss/bexiz.png
26,凝態戰將,imitator,96/106/116/126/146,要,5,普原生素體•最深處,火,371,392,20%,20%,238,0,物理: 35 魔法: 35 普攻: 30 ,"HP >= 60%
膽怯 ✓ | 翻覆 ✓ | 昏厥 ✓
HP < 40%
膽怯 🛆 | 翻覆 🛆 | 昏厥 🛆
造成膽怯/翻覆/昏厥時，防禦力和抗性大增且無法疊傷",,,,,https://raw.githubusercontent.com/FengLingYu7563/image/refs/heads/main/toramtoram/boss/imitator.png
27,凝態古利絲,imitacia,99/109/119/129/149,要,5,暗之城•大廳,火,階段1: 164 階段2: 55 冰凍: 33,階段1: 218 階段2: 109 冰凍: 33,階段1: 35% 階段2: 4% 冰凍: 10%,階段1: 35% 階段2: 4% 冰凍: 10%,階段1: 302 階段2: 489 冰凍: 163,0,物理: 35 魔法: 40 普攻: 30 ,"HP >= 30%
膽怯 ✓ | 翻覆 🛆 | 昏厥 🛆 
翻/昏以 16m 半徑、以敵人為中心的 AOE 反擊，造成睡眠
HP < 30%
膽怯 🛆 | 翻覆 ✓ | 昏厥 ✓ 
膽以 16m 半徑、以敵人為中心的 AOE 反擊，造成睡眠",,,,冰凍：短時間內降低 def/mdef,https://raw.githubusercontent.com/FengLingYu7563/image/refs/heads/main/toramtoram/boss/imitacia.png
29,伊科諾斯,iconos,98/108/118/128/148,不用,6,自動砲台防衛線,地,階段1: 162 階段2: 216 階段3: 270 階段4: 324,階段1: 140 階段2: 194 階段3: 248 階段4: 302,階段1: 10% 階段2: 15% 階段3: 20% 階段4: 25%,階段1: 10% 階段2: 15% 階段3: 20% 階段4: 25%,162,0,物理: 0 魔法: 0 普攻: 0 ,"HP >= 50%
膽怯 🛆 | 翻覆 ✓ | 昏厥 ✓ 
膽怯：boss格擋率變為兩倍
HP < 50%
膽怯 ✓ | 翻覆 🛆 | 昏厥 ✓ 
翻覆：Boss的格擋率變為兩倍",,當Boss的生命值每減少25%（階段1到階段4）時，防禦力和抗性就會增加,,,https://raw.githubusercontent.com/FengLingYu7563/image/refs/heads/main/toramtoram/boss/iconos.png
30,合成魔獸,ifrid,102/112/122/132/152,不用,6,灼燒地溝•最深處,火,179,158,4%,4%,185,0,物理: 30 魔法: 15 普攻: 30,"HP >= 50%
膽怯 ✓ | 翻覆 ✓ | 昏厥 ✓
HP < 50%
膽怯 🛆 | 翻覆 🛆 | 昏厥 🛆
翻/膽/昏時BOSS攻擊會擊退",,,,距離BOSS越遠，攻擊時產生的仇恨越多,https://raw.githubusercontent.com/FengLingYu7563/image/refs/heads/main/toramtoram/boss/ifrid.png
31,機甲獅將,proto leon,105/115/125/135/155,不用,6,辛戈拉勒遺跡•3樓,地,階段1: 161 階段1+控制: 92 階段2: 230,階段1: 138 階段1+控制: 58 階段2: 207,階段1: 4% 階段2: 24%,階段1: 4% 階段2: 24%,275,0,物理: 30 魔法: 30 普攻: 15,"HP >= 40%
膽怯 🛆 | 翻覆 🛆 | 昏厥 🛆
膽翻昏它會反擊帶有逼退的AOE並進入狂暴模式,狂暴模式持續20秒,它的攻擊力會增加
HP < 40%
膽怯 ✓ | 翻覆 ✓ | 昏厥 ✓",,,,,https://raw.githubusercontent.com/FengLingYu7563/image/refs/heads/main/toramtoram/boss/protoleon.png
32,約克,york,108/118/128/138/158,要,6,巨型水晶工廠•儲存庫,無,階段1: 295 階段2: 295 階段3: 413 階段4: 0,階段1: 118 階段2: 236 階段3: 254 階段4: 0,階段1: 4% 階段2: 4% 階段3: 50% 階段4: 0%,階段1: 4% 階段2: 4% 階段3: 50% 階段4: 0%,階段1: 248 階段2: 354 階段3: 89 階段4: 0,0,物理: 40 魔法: 0 普攻: 30,"階段1、3：
膽怯 ✓ | 翻覆 ✓ | 昏厥 ✓
階段2：
膽怯 ✓ | 翻覆 ✓ | 昏厥 🛆
昏會讓王放全圖AOE，造成睡眠
階段4：
膽怯 🛆 | 翻覆 🛆 | 昏厥 🛆
膽/翻會讓王放全圖AOE並造成疾病
昏會讓王放全圖AOE，造成恐懼",,"階段1:(100%-75%)
階段2:(20%-75%)
階段3:(10%-20%)
階段4:(0%-10%)",,,https://raw.githubusercontent.com/FengLingYu7563/image/refs/heads/main/toramtoram/boss/york.png
33,馬其納暴君,tyrant machina,111/121/131/141/161,不用,6,小型戴米馬其納製造廠•第3區,無,階段1: 61 階段2: 242 綠+翻:387,階段1: 61 階段2: 242 綠+翻:387,階段1: 4% 階段2: 10% 綠: 25%,階段1: 4% 階段2: 10% 綠: 25%,階段1: 543 階段2: 181 綠: 181,0,物理: 10 魔法: 10 普攻: 100,"HP >= 25%(階段1)
膽怯 🛆 | 翻覆 🛆 | 昏厥 🛆
膽/翻/暈會使王變綠
HP < 25%(階段2)
翻會增加迴避率並以地刺攻擊
階段2：
膽怯 ✓ | 翻覆 ✓ | 昏厥 ✓",,,,,https://raw.githubusercontent.com/FengLingYu7563/image/refs/heads/main/toramtoram/boss/tyrantmachina.png
34,龍獸馬奇納,mozto machina,114/124/134/144/1664,要,6,大型戴米馬其納製造廠•最深處,無,階段1: 248 階段2: 124,階段1: 372 階段2: 248,15%,15%,階段1: 186 階段2: 372,0,物理: 50 魔法: 50 普攻: 100,"HP >= 50%：
膽怯 🛆 | 翻覆 ✓ | 昏厥 🛆
膽/昏會反擊
HP < 50%：
膽怯 ✓ | 翻覆 🛆 | 昏厥 🛆
翻/昏會反擊",,生命50%進入階段2,,每隔20秒boss會到高處(玩家無法到達)攻擊玩家,https://raw.githubusercontent.com/FengLingYu7563/image/refs/heads/main/toramtoram/boss/mozto.png
35,妖精魔獸拉瓦達,lalvada,117/127/137/147/167,不用,7,怪物之森•深處,光,綠:382 黃:446 階段2:446,綠:446 黃:382 階段2:382,15%,15%,228,0,物理: 30 魔法: 40 普攻: 10,膽怯 🛆 | 翻覆 🛆 | 昏厥 🛆,,生命50%進入階段2,,"翻/膽/昏 時累積控制計數器，BOSS 變成紅色時發動AOE並重製計數器，並在10秒後變回綠色，紅色狀態下閃避率100%。切換階段時也會重製計數器。
階段1：
當計數器次數等於3時，BOSS 變成黃色，計數器次數等於4時，BOSS 變成紅色
階段2：
當計數器次數等於1時，BOSS 變成黃色，計數器次數等於2時，BOSS 變成紅色",https://raw.githubusercontent.com/FengLingYu7563/image/refs/heads/main/toramtoram/boss/lalvada.png
36,札哈克馬其納,zahhak machina,120/130/140/150/170,不用,7,路菲那斯宅邸內•大廳,光,正常:1000 昏:350 毒:350,正常:1000 昏:350 毒:350,5%,5%,0,0,物理: 2 魔法: 1 普攻: 4,"膽怯 🛆 | 翻覆 🛆 | 昏厥 ✓
昏 會重制防禦20秒",,,破頭 -250 基礎防禦，破尾 -100 基礎防禦,中毒降雙防10秒,https://raw.githubusercontent.com/FengLingYu7563/image/refs/heads/main/toramtoram/boss/zahhak.png
37,重裝魔偶,guignol,123/133/143/153/173,不用,7,布萊耶研究所•4號樓,"重裝魔偶: 風
僕從人偶: 風
死歌魔眼: 光","重裝魔偶: 400
僕從人偶: 0
死歌魔眼: 651","重裝魔偶: 0
僕從人偶: 0
死歌魔眼: 651","重裝魔偶:
藍色: 80%
黃色: 55%
紅色: 30%
僕從人偶: 55%
死歌魔眼: -995%","重裝魔偶:
藍色: 80%
黃色: 55%
紅色: 30%
僕從人偶: 55%
死歌魔眼: -995%","重裝魔偶: 300
僕從人偶: 1950
死歌魔眼: 0",0,"重裝魔偶: 
物理: 5 魔法: 5 普攻: 50
僕從人偶: 
物理: 50 魔法: 50 普攻: 5
死歌魔眼: 
物理: 50 魔法: 50 普攻: 5","膽怯 🛆 | 翻覆 🛆 | 昏厥 🛆
當它在紅色狀態被斷時，會施放地刺",,每隔10秒會換顏色，順序為藍->黃->紅->藍,,死歌魔眼會發射球，僕從人偶的攻擊帶有逼退或畏懼,https://raw.githubusercontent.com/FengLingYu7563/image/refs/heads/main/toramtoram/boss/guignol.png
38,卦莫爾,gwaimol,126/136/146/156/186,要,7,黑鴉監獄•屋頂廣場,地,205,205,5%,5%,204,25,物理: 1 魔法: 2 普攻: 3,"膽怯 ✕ | 翻覆 🛆 | 昏厥 ✓
50% 翻覆抗性",,,,,https://raw.githubusercontent.com/FengLingYu7563/image/refs/heads/main/toramtoram/boss/gwaimol.png
39,終極馬其納,ultimate machina,129/139/149/159/179,要,7,多洛馬廣場,無,"普通：
階段1：418
階段2：278 
階段3:：140
軟化：
階段1：278
階段2：208
階段3：70","普通：
階段1：418
階段2：278 
階段3:：140
軟化：
階段1：278
階段2：208
階段3：70","普通：
階段1：10%
階段2：5% 
階段3:：0%
軟化：
階段1：5%
階段2：0%
階段3：-5%","普通：
階段1：10%
階段2：5% 
階段3:：0%
軟化：
階段1：5%
階段2：0%
階段3：-5%","普通：208
軟化：280",階段1:  15%; 階段2: 5%; 階段3: 0%,物理: 30 魔法: 15 普攻: 25,"膽怯 ✓ | 翻覆 🛆 | 昏厥 🛆
軟化時翻覆會反擊
軟化時不可昏",,100%階段1(紅)，75%階段2(紫)，50%階段3(紅),破位身體永久切換至軟化模式(核心/身體變藍色)，此模式下會使用光束打坦(反擊)，打%傷,,https://raw.githubusercontent.com/FengLingYu7563/image/refs/heads/main/toramtoram/boss/ultimatemachina.png
40,歐勒拉夫,ornlarf,132/142/152/162/182,要,7,阿爾堤玫亞宮殿•大廊,光,108,710,5%,5%,692,30,物理: 1 魔法: 1 普攻: 1,"膽怯 🛆 | 翻覆 ✕ | 昏厥 ✓
HP>50%不可膽",,,,"破位頭難度較高。可以等Boss進行大範圍直線雷射攻擊時打斷它（最好是暈眩）。
這種雷射攻擊的攻擊模式如下：以Boss為中心的紅色圓形範圍攻擊 > 戰場周圍的藍色隕石 > 直線雷射攻擊。
在雷射攻擊過程中被打斷時，站在Boss右臂後方幾公尺遠的地方就能看到Boss的頭部。",https://raw.githubusercontent.com/FengLingYu7563/image/refs/heads/main/toramtoram/boss/ornlarf.png
41,薇芮娜,venena coenubia,140/150/160/170/190,要,7,阿爾堤玫亞宮殿•皇座之殿,"本體：火
柱子：暗","本體：300
柱子：290","本體：300
柱子：290","本體：6%
柱子：5%","本體：6%
柱子：5%","本體：普通：75 破位：225
柱子：109",0,"本體：
物理: 10 魔法: 5 普攻: 20
柱子：
物理: 5魔法: 10 普攻: 20",膽怯 ✓ | 翻覆 ✓| 昏厥 ✓,,"階段 1 和階段 3：本體的生命值鎖定，直到所有柱子都被擊敗
階段1：450K
階段2：1M
階段3：1.4M",多破位一個，雙防+50%,"在階段 1 期間，坦克應在距離兩個柱子 20 公尺以上的情況下使用仇恨技。這樣，柱子就不會使用任何技能。坦克也不應該主動攻擊本體，會導致召喚天火攻擊整個隊伍。
共生球會爆炸，造成最大生命值%傷。它們很容易被魔法技能（例如魔法：衝擊）擊敗。
階段1跟階段2之間的無警告攻擊(膽) 和 AOE(翻)造成當前生命值%傷",https://raw.githubusercontent.com/FengLingYu7563/image/refs/heads/main/toramtoram/boss/venena1.png
42,香菇咪,shampy,135/145/155/165/185,不用,8,塔納斯礦道•大廳,"香菇咪: 水
巧咪(紅): 火
巧咪(藍): 水
巧咪(黃): 風","香菇咪： 261
巧咪：136","香菇咪： 291
巧咪：202","香菇咪： 5%
巧咪：5%","香菇咪： 5%
巧咪：5%","香菇咪： 434
巧咪：300",0,"香菇咪: 
物理: 20 魔法: 25 普攻: 15
巧咪(紅): 
物理: 50魔法: 50 普攻: 20
巧咪(藍):
物理: 20 魔法: 100 普攻: 20
巧咪(黃): 
物理: 100 魔法: 20 普攻: 20",膽怯 ✓ | 翻覆 ✓| 昏厥 ✓,,"當生命值分別降至70%、50%和30%時，Boss會重新召喚任何被擊敗的巧咪
三種顏色的巧咪不會隨著時間的推移而重新召喚；它們僅根據 Boss 的 HP 重新召喚。",,,https://raw.githubusercontent.com/FengLingYu7563/image/refs/heads/main/toramtoram/boss/shampy.png
43,結晶泰坦,crystal titan,138/148/158/168/188,不用,8,被侵蝕的遺跡,暗,"普通: 593
破身體: 400","普通: 447
破身體: 306","普通： 25%
破身體： 5%","普通： 25%
破身體： 5%",111,0,物理: 30 魔法: 25 普攻: 20,"膽怯 🛆 | 翻覆 🛆 | 昏厥 🛆
膽翻昏效果內限傷1",,當生命值降至50%時，它會移動到地圖邊緣，並施放大量天火。,破身體：降低BOSS的雙防和雙抗,冰凍：對BOSS造成的傷害增加4倍，持續10秒。,https://raw.githubusercontent.com/FengLingYu7563/image/refs/heads/main/toramtoram/boss/crystaltitan.png
44,漂漂媽,mom fluck,141/151/161/171/191,不用,8,忘卻洞窟,"漂漂媽：水
漂漂獸：水","漂漂媽：226
漂漂獸：139","漂漂媽：271
漂漂獸：139","漂漂媽：6%
漂漂獸：5%","漂漂媽：6%
漂漂獸：5%","漂漂媽：226
漂漂獸：206",0,"漂漂媽：
物理: 15 魔法: 20 普攻: 10
漂漂獸：
物理: 30 魔法: 20 普攻: 10","膽怯 🛆 | 翻覆 🛆 | 昏厥 🛆
膽昏召喚漂漂獸(最多3隻)
翻太複雜懶得寫",,生命值降至50%時，本體召喚地刺，打最大生命值%,,即使不控制，開場一樣會召喚3隻漂漂獸,https://raw.githubusercontent.com/FengLingYu7563/image/refs/heads/main/toramtoram/boss/momfluck.png
45,齊爾布茲,zelbuse,144/154/164/174/194,要,8,米斯魯那山遺跡,光,540,462,6%,6%,116,10,物理: 20 魔法: 20 普攻: 20,膽怯 ✓ | 翻覆 ✓ | 昏厥 ✕,,每25%生命都會以BOSS為中心產生地刺，此時免疫膽/翻,,距離越遠產生的仇恨越高,https://raw.githubusercontent.com/FengLingYu7563/image/refs/heads/main/toramtoram/boss/zelbuse.png
46,馬爾杜拉,mardula,147/157/167/177/197,不用,8,眾神之殿•恩澤神殿,"階段1: 光
階段1+破武器位: 風
階段2: 無 ",158,394,6%,6%,470,10,物理: 5 魔法: 5 普攻: 10,,,"低於25%HP進入階段2，並發動帶有魔力爆發的攻擊，攻擊期間它是無敵的
在階段1破武器位後，它會轉成風屬，但階段2時仍會轉成無屬",,,https://raw.githubusercontent.com/FengLingYu7563/image/refs/heads/main/toramtoram/boss/mardula.png
47,澤雷薩烏迦,seele zauga,150/160/170/180/200,要,8,眾神之殿•恩澤神殿,光,"澤雷：320
守衛：155","澤雷：320
守衛：155","澤雷：6%
守衛：6%","澤雷：6%
守衛：6%","澤雷：240
守衛：580","澤雷：25
守衛：0","澤雷：
物理: 10 魔法: 20 普攻: 0
守衛：
物理: 50 魔法: 50 普攻: 50","澤雷：
階段1、階段2、階段2轉階段3 ：膽怯 ✕ | 翻覆 ✕ | 昏厥 ✕
階段3：
膽怯 ✓ | 翻覆 ✓ | 昏厥 ✓
膽怯後免疫膽翻昏4秒
翻覆後免疫膽翻昏10秒
昏厥抗性75% 昏厥後免疫膽翻昏15秒

紅色守衛：膽怯 ✕ | 翻覆 ✕ | 昏厥 ✕
藍色守衛：膽怯 ✓ | 翻覆 ✓ | 昏厥 ✓",,"階段1：澤雷停在地圖中心，中心緩慢落下光球，造成巨大傷害
階段2：澤雷生命被鎖定，直到兩隻守衛都被擊敗
階段3：階段3開始，BOSS獲得一段時間的無敵，並以BOSS為中心是放一個全圖AOE，地圖中間有安全點，全圖AOE幾乎是必秒
在這階段時，它也會施放相似的全圖AOE(大約96~99%最大生命值%傷)",,,https://raw.githubusercontent.com/FengLingYu7563/image/refs/heads/main/toramtoram/boss/seele.png
48,皮多大王,king piton,153/163/173/183/203,不用,8,艾路菲山脈•神殿前,水,"普通：790
1 破位：690
2 破位：590
3 破位：490",242,"普通：15%
1 破位：10%
2 破位：5%
3 破位：0%","普通：15%
1 破位：10%
2 破位：5%
3 破位：0%",122,10,物理: 30 魔法: 30 普攻: 30,膽怯 ✓ | 翻覆 ✓ | 昏厥 ✓,,當BOSS的生命值分別達到90%、60%和30%時，BOSS將獲得短暫的無敵狀態，並以高魔法傷害、持續時間長的「鯊魚波」攻擊進行反擊。,,"反擊：
BOSS的傷害上限為50萬。

每次破位會降低防禦及抗性，但也會增加反擊時間10秒
這些「鯊魚波」攻擊可以被打斷，但打斷時機非常短。
可以透過移動到地圖的角落來躲避「鯊魚波」攻擊。",https://raw.githubusercontent.com/FengLingYu7563/image/refs/heads/main/toramtoram/boss/kingpiton.png
49,暗龍費因斯坦,finstern the dark dragon,156/166/176/186/206,要,8,暗龍神殿•頂層附近,暗,"暗龍：250
黑暗具象(人形)：333
黑暗具象(劍)：83","暗龍：250
黑暗具象(人形)：333
黑暗具象(劍)：83","暗龍：
階段1：6%
階段2：16%
階段2+控制：6%
黑暗具象(人形)：6%
黑暗具象(劍)：56%","暗龍：
階段1：6%
階段2：16%
階段2+控制：6%
黑暗具象(人形)：6%
黑暗具象(劍)：6%","暗龍：25
黑暗具象(人形)：250
黑暗具象(劍)：500","暗龍：
階段1：0
階段2：125
階段2+控制：0
黑暗具象：0","暗龍：
物理： 1 魔法： 10 普攻： 100
黑暗具象(人形)：
物理： 5 魔法： 5 普攻： 5
黑暗具象(劍)：
物理： 1 魔法： 1 普攻： 1","本體：
階段1：膽怯 🛆  | 翻覆 🛆 | 昏厥 🛆
控制抗性約為120%（幾乎免疫）
階段2：膽怯 ✓  | 翻覆 ✓ | 昏厥 ✓
控制時移除抗暴，持續12秒

黑暗具象(人形)：膽怯 ✕  | 翻覆 🛆 | 昏厥 ✕
對翻覆的抗性120%（幾乎免疫）
黑暗具象(劍)：膽怯 ✓ | 翻覆 ✓ | 昏厥 ✓",,"2個階段。 50%生命值時階段轉換

如果在有0或1個黑暗具象(劍)怪物的情況下控制暗龍，則會刷新黑暗具象(劍)，直到總數達到2個。如果至少有1個黑暗具象(劍)怪物刷新，暗龍將使用直線雷射（魔攻，毒系）進行反擊，造成3次傷害。

暗龍在階段2免疫【恐懼】
黑暗具象(劍)在進行3次衝鋒攻擊後死亡。它們會在 階段1 期間自動刷新，但只有在暗龍處於 被控制的狀態時，才會在 階段2 期間刷新。
黑暗具象(人形)不會刷新",,在階段2期間（當 Boss 的生命值低於 50% 時），控制暗龍 至關重要；坦克應該專注於此事,https://raw.githubusercontent.com/FengLingYu7563/image/refs/heads/main/toramtoram/boss/finstern.png
50,休斯古巨獸,tuscog,159/169/179/189/209,不用,9,艾利路達恩街•艾恩之森附近,地,"階段1：423
階段2：339","階段1：253
階段2：253",6%,6%,"階段1：253
階段2：630",0,物理: 5 魔法: 20 普攻: 20,"階段1：
膽怯 ✓ | 翻覆 ✓ | 昏厥 ✓
階段2：
膽怯 🛆 | 翻覆 🛆 | 昏厥 🛆
階段2使用控制會放以BOSS為中心半徑8公尺的地刺(物攻，擊退)",,2 個階段。生命值 50% 時切換,,免疫【恐懼】,https://raw.githubusercontent.com/FengLingYu7563/image/refs/heads/main/toramtoram/boss/tuscog.png
51,魔蝕皮魯茲,eroded pilz,163/172/182/192/212,不用,9,莫斯海雷瘤界•深處,"紫色：火
綠色：無","普通：602
綠色：1033
破位右：431
破位右 + 綠：861","普通：496
普通 + 綠：826
破位左：330
破位左 + 綠色：660","普通：26
破位右：6%
破位頭：20%
破位右 + 破位頭：0%","普通：26%
破位左：6%
破位頭：20%
破位左 + 頭：0%",258,"普通/紫色：20
綠色：40",物理: 20 魔法: 5 普攻: 5,"綠色：
膽怯 ✕ | 翻覆 ✕ | 昏厥 ✕
紫色：膽怯 🛆 | 翻覆 🛆 | 昏厥 🛆
膽翻昏會讓它變綠色，而在階段2控它時，還會回10%HP並施放攻擊(造成疾病、麻痺、盲目、眩暈、乏力、衰弱、沉默、疲勞、畏懼約8秒",,"40%HP時還是紫色的話轉成綠色30秒，並進入階段2
不管何時變成綠色，它都會在30秒後變回紫色，除非遇到40%HP轉階段
​",破位降防禦跟抗性,,https://raw.githubusercontent.com/FengLingYu7563/image/refs/heads/main/toramtoram/boss/eroded.png
52,結晶獸,pyxtica,165/175/185/195/215,要,9,弗拉庫丹地區•橋的入口,"紫色：暗
紅色：火
綠色：無","紫色: 437
紅色: 437
紫色+疲勞: 315
綠色: 315","紫色: 437
紅色: 437
紫色+疲勞: 315
綠色: 315","紫色: 7%
紅色: 7%
綠色: -43%","紫色: 7%
紅色: 7%
綠色: 7%","紫/紅色: 654
綠色: 350","紫色: 10
紅色: 50
綠色: 500",物理: 5 魔法: 5 普攻: 5 ,"紫色: 膽怯 ✓ | 翻覆 ✕ | 昏厥 ✓
紅/綠色: 膽怯 ✓ | 翻覆 🛆 | 昏厥 🛆
翻覆後施放全圖AOE攻擊，且在紅色時翻覆，重置紅色持續時間
昏厥抗性100%(如果有足夠的AGI，痛擊可以昏厥它)",,"1. 如果戰鬥開始15秒內，它損失超過50%HP的話，會變成紅色(暴走模式)，此時短暫無敵並施放全圖AOE(造成魔力爆發)
2. 而戰鬥開始後15秒，它也會正常地轉成紅色
3. 紅色模式持續1分鐘，之後它會轉回紫色並帶有疲勞30秒，再轉成紅色
4. 低於30%HP轉成綠色且抗暴變為500",,在轉成紅色前，剛開始限傷999999,https://raw.githubusercontent.com/FengLingYu7563/image/refs/heads/main/toramtoram/boss/pyxtica.png
53,庫斯特,kuzto,168/178/188/198/218,不用,9,拉比蘭斯地區•廣場,地,535,535,7%,7%,267,25,物理: 5 魔法: 5 普攻: 20,"膽怯 ✓ | 翻覆 ✓ | 昏厥 ✓
在生命值80%及50%時使用控制可以打斷召喚小怪",,"生命值達到 80% 時：召喚 3 個小怪
生命值達到 50% 時：召喚 2 個隕石小怪，此時會釋放一個以 Boss 為中心的 AOE（物攻，造成恐懼）",,"1. 隕石小怪每8秒對仇恨最高者丟隕石(造成翻覆)
2. 坦克最好離樹人2公尺，以提供近戰玩家空間
3. 當生命值超過 80% 和 50% 時，BOSS 會快速移回場地中心並舉起左臂。這是一個很明顯的提示，坦克可以用來打斷召喚。
4. 如果50%HP時沒有阻止它召喚隕石小怪，坦克應離開中間，讓輸出有安全位置",https://raw.githubusercontent.com/FengLingYu7563/image/refs/heads/main/toramtoram/boss/kuzto.png
54,札菲洛加,sapphire roga,171/181/191/201/221,不用,9,前哨・普原生素體・最深處,"札菲洛加：
紫：暗
紅：火
綠：無
被侵蝕的歌布林：暗
飛天觸手(紅)：火
飛天觸手(藍)：無","札菲洛加：
紫：315
紅：315
綠：315
被侵蝕的歌布林：350
飛天觸手(紅)：525
飛天觸手(藍)：175","札菲洛加：
紫：315
紅：315
綠：315
被侵蝕的歌布林：350
飛天觸手(紅)：175
飛天觸手(藍)：525","札菲洛加：
紫：7%
紅：70%
綠：-75%
被侵蝕的歌布林：7
飛天觸手(紅)：23
飛天觸手(藍)：-30","札菲洛加：
紫：7%
紅：70%
綠：-75%
被侵蝕的歌布林：7
飛天觸手(紅)：-30
飛天觸手(藍)：23","札菲洛加：140
被侵蝕的歌布林：230
飛天觸手(紅)：230
飛天觸手(藍)：230","札菲洛加：
紫：20
紅：300
綠：0
被侵蝕的歌布林：0
飛天觸手(紅)：0
飛天觸手(藍)：0","札菲洛加：
物理: 5 魔法: 10 普攻: 5
被侵蝕的歌布林：
物理: 5 魔法: 10 普攻: 5
飛天觸手(紅)：
物理: 5 魔法: 15 普攻: 5
飛天觸手(藍)：
物理: 15 魔法: 5 普攻: 5","札菲: 膽怯 🛆 | 翻覆 🛆 | 昏厥 🛆,
紫色時膽會反擊，綠色時翻會反擊，紅色時昏會反擊，反擊是用帶有沉默的地刺
每次膽/翻/昏都會讓它轉顏色，順序是紫→綠→紅→紫
哥布林: 膽怯 ✓ | 翻覆 ✓ | 昏厥 ✓
​",,50%HP時，札菲會快速地轉成下一個顏色,,"1. 札菲會鎖血直到哥布林被擊殺
2. 哥布林30秒後會自爆造成16公尺的範圍攻擊
3. 飛天觸手死掉後120秒會刷新",https://raw.githubusercontent.com/FengLingYu7563/image/refs/heads/main/toramtoram/boss/sapphireroga.png
55,佛拉布喇,gravicep,174/184/194/204/224,不用,9,雷塞塔拉地區・集貨所屋頂,無,"仇恨對象 <= 7m：552
仇恨對象 > 7m；185","仇恨對象 <= 7m：185
仇恨對象 > 7m；734","仇恨對象 <= 7m：21%
仇恨對象 > 7m；7%","仇恨對象 <= 7m：7%
仇恨對象 > 7m；21%","仇恨對象 <= 7m：275
仇恨對象 > 7m；550",0,物理: 100 魔法: 100 普攻: 1,"仇恨對象 <= 7m
膽怯 ✕ | 翻覆 ✕ | 昏厥 ✓
仇恨對象 > 7m
膽怯 ✓ | 翻覆 ✓ | 昏厥 ✕",,血量50%切換至階段2，攻擊模式改變,,最好使用遠程坦克，並保持7公尺以上的距離，否則輸出很難打,https://raw.githubusercontent.com/FengLingYu7563/image/refs/heads/main/toramtoram/boss/gravicep.png
56,伏地蛇,repthon,177/187/197/207/227,不用,9,迪魯茲歐研究所區域・最深處,"紫色：暗
紅色：火
黃色：無","紫色：467
紅色：935
黃色：467","紫色：467
紅色：935
黃色：935",7%,7%,333,"紫色：25
紅色：25
黃色：150",物理: 5 魔法: 5 普攻: 5 ,"紫色：
膽怯 ✓  | 翻覆 ✓ | 昏厥 ✓
紅色：
膽怯 ✕  | 翻覆 ✕ | 昏厥 ✕
黃色：
膽怯 🛆  | 翻覆 🛆 | 昏厥 🛆
在黃色模式下，如果 Boss 處於被控制狀態，則會使用造成法力爆炸的攻擊進行反擊。",,"初始紫色
1. 切換至紅色：對HP>60%造成10W以上傷害
15秒後從紅色切為紫色

2. 切換至黃色：
(1)在紅色時HP<60%
(2)在HP<60%時造成10W以上傷害
15 秒後，Boss 將從黃色模式切換回紫色模式

在紅色和黃色模式下，傷害上限均為 50 萬次",,,https://raw.githubusercontent.com/FengLingYu7563/image/refs/heads/main/toramtoram/boss/repthon.png
57,魔晶鷲,vulture,180/190/200/210/230,不用,9,蓋斯特沙漠・最深處,"階段1(紫)：暗
階段2(藍)：風","階段1：524
階段2：619","階段1：619
階段2：666",7%,7%,"階段1：426
階段2：280",15,物理: 5 魔法: 5 普攻: 10,"HP>50% 膽怯 🛆 | 翻覆 ✓ | 昏厥 🛆
HP<50% 膽怯 🛆 | 翻覆 🛆 | 昏厥 ✓

🛆會進行反擊",,50% 生命值時換階段，BOSS會移動到地圖中心，以BOSS為中心釋放一個大範圍AOE，隨後進行直線攻擊。從暗屬性轉變為風屬性。,,BOSS反擊時，會移動到地圖外，並用流星轟擊玩家，持續約15秒。之後，BOSS會回到地圖，進行直線攻擊,https://raw.githubusercontent.com/FengLingYu7563/image/refs/heads/main/toramtoram/boss/vulture.png
58,薇芮娜•超寇珥連生體,venena metacoenubia,185/195/205/215/235,要(區域鎖定),9,新・普原生素體(埃魯巴市街遺跡),"本體：火
小怪：無","本體：820
小怪：655","本體：586
小怪：476","本體：7%
小怪：7%","本體：7%
小怪：7%","本體：436
小怪：283","本體：5
小怪：25","本體：
物理: 1 魔法: 5 普攻: 1
小怪：
物理: 5 魔法: 20 普攻: 10","本體：階段1：
膽怯 🛆 | 翻覆 ✕ | 昏厥 🛆
翻覆對本體造成傷害 -99%，持續 5 秒
階段2、階段3：
膽怯 ✓ | 翻覆 ✓ | 昏厥 ✓
階段4：
膽怯 ✓ | 翻覆 🛆 | 昏厥 🛆
1. 翻覆時以Boss為中心，釋放漩渦（最大生命%傷），然後向仇恨持有者發射雷射（最大生命%傷，魔力爆炸）
2. 50%抵抗昏厥",,"階段1：兩柱子鎖血直到本體死掉
階段2及階段3：本體鎖血直到兩柱子死掉(柱子在切換階段時重生)
階段4：BOSS動作頻繁",,"1. 階段2~4最好留控制，當BOSS向非仇恨時有者攻擊時打斷
2. 如果這攻擊是打坦，那最好遠離其他輸出",https://raw.githubusercontent.com/FengLingYu7563/image/refs/heads/main/toramtoram/boss/venena2.png
59,皮斯泰烏魚,pisteus,183/193/203/213/233,不用,10,多西亞海岸・最深處,水,386,483,7%,7%,432,0,物理: 10 魔法: 15 普攻: 5 ,"膽怯 ✓ | 翻覆 ✕ | 昏厥 🛆
HP > 30%可昏厥
反擊：
HP <= 30%不但不能暈，還會逃跑並釋放超大鯊魚(魔攻，凍結)",,"HP = 70% 和 HP = 30%：
會跑到角落放超大鯊魚，可用控制斷",,如果在HP = 30%時用昏厥，一樣會觸發反擊,https://raw.githubusercontent.com/FengLingYu7563/image/refs/heads/main/toramtoram/boss/pisteus.png
60,惡靈巨蛛,arachnidemon,186/196/206/216/226,要(區域鎖定),10,方舟之谷・最深處,暗,512,392,7%,7%,351,0,物理: 20 魔法: 20 普攻: 10 ,膽怯 ✓ | 翻覆 ✓ | 昏厥 ✓,,"HP = 80% 巨蛛無敵，召喚3小怪
HP = 50% 巨蛛無敵，向仇恨持有者丟球，小怪則向非仇恨持有者丟球
HP = 20% 巨蛛無敵，巨蛛跳起來放地刺，並召喚流星打全圖，跳在空中時可打斷

小怪30秒會重生","左臂： -42 基礎防禦
頭/尾： -22 基礎防禦",坦克盡量在王跳起來時打斷,https://raw.githubusercontent.com/FengLingYu7563/image/refs/heads/main/toramtoram/boss/arachnidemon.png
61,黑影,black shadow,189/199/209/219/239,不用,10,洛庫庫廢墟城,"紫色：暗
紅色：火",398,598,"紫色：7%
紅色：27%","紫色：7%
紅色：27%",297,10,物理: 10 魔法: 10 普攻: 1 ,"膽怯 ✓ | 翻覆 ✓ | 昏厥 ✓
紅色時控制成功率50%",,在紫色模式下，累積傷害達到100萬，boss將進行全地圖攻擊(當前生命值%傷，詛咒)，然後變成紅色,,紅色模式下，它將擁有一種攻擊模式，最終Boss會向隨機玩家發射三發子彈。攻擊模式如下：以仇恨持有者為中心，進行藍色圓形地面攻擊 → 向仇恨持有者進行紅色直線攻擊 → 以藍色玩家為中心，向隨機玩家發射子彈攻擊,https://raw.githubusercontent.com/FengLingYu7563/image/refs/heads/main/toramtoram/boss/blackshadow.png
62,塔利結晶獸,Hexter,192/202/212/222/242,要(區域鎖定),10,魔女領地森林・最深處,風,607,606,8%,8%,303,"正常：20
狂暴：100",物理: 5 魔法: 25 普攻: 5 ,"正常：
膽怯 ✓ | 翻覆 ✓ | 昏厥 ✓
狂暴：
膽怯 ✕ | 翻覆 ✕ | 昏厥 ✕",,戰鬥開始以及每60秒，BOSS會進入狂暴模式數秒並放超大鯊魚鰭(魔攻)，在地圖左上/右上角可以避開,,可以用不被打到的技能，比如拔刀的三段突刺位移到BOSS旁邊,https://raw.githubusercontent.com/FengLingYu7563/image/refs/heads/main/toramtoram/boss/hexter.png
63,移儡原生素體,Irestida,195/205/215/225/245,不用,10,諾芙・蒂拉・中央區前,"本體：
藍色：無
橘/綠：風
小怪：暗",本體：922,本體：310,本體：8%,本體：8%,本體：310,"本體：
正常：100
冰凍：0",物理: 1 魔法: 50 普攻: 1 ,膽怯 🛆 | 翻覆 ✕ | 昏厥 🛆,,"1.  初始爪子藍色，75%綠色，50%橘色
2. 小怪會週期性的在仇恨持有者放漩渦
3. 當生命降至50%時，BOSS會移到中心並以BOSS為中心釋放漩渦和放出鯊魚鰭，中心點是安全的",,小怪的生命值在冰凍的狀態下解鎖，冰凍狀態下對小怪的傷害11倍，BOSS免疫恐懼,https://raw.githubusercontent.com/FengLingYu7563/image/refs/heads/main/toramtoram/boss/irestida.png
64,雷莉莎,Reliza,200/210/220/230/250,要,11,恩惠的水邊,"階段1和階段2：暗
階段3：無",420,630,"階段1和階段2：8%
階段3：-42%",8%,640,"階段1和階段2：30
階段3：500",物理: 1 魔法: 10 普攻: 1 ,"階段1：
膽怯 🛆 | 翻覆 ✕ | 昏厥 ✓
階段2：
膽怯 ✓ | 翻覆 🛆 | 昏厥 ✓
階段3：
膽怯 🛆 | 翻覆 🛆 | 昏厥 ✓
膽/翻以玩家為中心反擊，造成魔力爆裂",,"1. 兩條血，階段1第一條，階段2第二條血的40-100%，階段3第二條血的0-40%
2. 切換階段都會移動到地圖中間並無敵
3. 階段1地刺造成魔傷，階段2和階段3造成當前生命值%傷",,免疫恐懼,https://raw.githubusercontent.com/FengLingYu7563/image/refs/heads/main/toramtoram/boss/reliza.png
65,晶瑪體,Gemma,198/208/218/228/238,不用(世界鎖定),11,隱匿的湖泊・最深處,"紅：火
黃：地
綠：風",728,728,"普通：16%
防禦模式：96%","普通：16%
防禦模式：96%",465,20,物理: 5 魔法: 10 普攻: 1 0,"普通：
膽怯 ✓ | 翻覆 ✕ | 昏厥 ✓
防禦：
膽怯 ✕ | 翻覆 ✕ | 昏厥 ✕",,"HP = 75%、50%、25%時進入防禦模式，防禦模式下顏色略深。觸發點燃、麻痺或眩暈反擊將取消防禦模式
HP = 75%時召喚天火
HP = 50%時以BOSS為中心放鯊魚鰭
HP = 25%時以BOSS為中心放大型地刺",,眩暈變黃色，麻痺變綠色，點燃變紅色，變色就是有控到,https://raw.githubusercontent.com/FengLingYu7563/image/refs/heads/main/toramtoram/boss/gemma.png
66,岩龍飛爾尊,Ferzen the Rock Dragon,201/211/221/231/251,不用(世界鎖定),11,守護之森．巨樹前,地,1055,740,8%,8%,314,20,物理:10 魔法:20 普攻:10,,,"當生命值降至 20% 時,BOSS 會在一段時間內獲得無敵狀態，以身體為中心施放地板尖刺，並召喚四個大型圓形 AOE 天火攻擊","破頭：魔禦-28，物防-52
破尾：魔禦-28，物防-50
破身體：魔防-54，物防-104","1. 仇恨持有者在BOSS的攻擊範圍外時，它會開始移動，移動的第三步開始會釋放衝擊波(範圍3m，膽怯)
2. 破頭後，普攻改成大範圍撞擊
3. 破尾後，BOSS獲得正面三角旋轉鯊魚攻擊
4. BOSS對仇恨持有者放地刺後，以BOSS為中心的尖刺/以玩家為目標快速生成的地刺，這兩種攻擊模式",https://raw.githubusercontent.com/FengLingYu7563/image/refs/heads/main/toramtoram/boss/ferzen.png
67,畢龍災比歐,Junior Dragon Zyvio,204/214/224/234/254,不用(世界鎖定),11,建材放置處．競技場,無,640,535,8%,8%,640,20,物理:10 魔法:5 普攻:5,"HP>=50%：
普通：膽怯 ✓ | 翻覆 ✓ | 昏厥 ✕ 
狂暴：膽怯 ✕ | 翻覆 ✕ | 昏厥 ✓
HP<50%：
普通：膽怯 ✕ | 翻覆 ✕ | 昏厥 ✓
狂暴：膽怯 ✓ | 翻覆 ✓ | 昏厥  ✕ ",限傷999999。單次受到超過50W傷害會進入狂暴模式並召喚2個小怪,HP = 50% 時，Boss 會在一段時間內無敵，進入狂暴模式並召喚2個小怪。狂暴模式持續 30 秒,,使用多段傷害攻擊來避免觸發 Boss 的狂暴模式,https://raw.githubusercontent.com/FengLingYu7563/image/refs/heads/main/toramtoram/boss/zyvio.png
68,兵龍達魯巴,War Dragon Turba,207/217/227/237/257,不用(世界鎖定),11,普利姆．拉姆斯．村落,地,596,705,8%,8%,480,40,物理:5 魔法:10 普攻:10,"階段1：
膽怯 ✓  | 翻覆 ✕ | 昏厥 ✓
階段2：
膽怯 ✓ | 翻覆 ✓ | 昏厥 🛆
階段2被昏，BOSS獲得短暫無敵並釋放內外圈地刺。階段2控制冷卻時間增加","0星：12萬
1星：120萬
2星：250萬
3星：630萬
4星：120萬",HP = 50% 進階段2。 BOSS也會使用直線雷射攻擊，造成絕對的[石化]效果。,,,https://raw.githubusercontent.com/FengLingYu7563/image/refs/heads/main/toramtoram/boss/wardragonturba.png
69,炎龍布蘭瑪,Vlam the Flame Dragon,210/220/230/240/260,不用(世界鎖定),11,迪碧德之泉(迪碧德溪谷),火,"階段1：880
階段2：440
階段3：220","階段1：880
階段2：440
階段3：220","階段1：8%
階段2：0%
階段3：-16%","階段1：8%
階段2：0%
階段3：-16%",410,30,物理:10 魔法:15 普攻:10,"階段1(HP>66%)：
膽怯 ✕ | 翻覆 ✓ | 昏厥 ✓
階段2(HP<=66%&HP>33%)：
膽怯 ✓ | 翻覆 ✓ | 昏厥 ✕
階段3(HP<=33%)：
膽怯 ✓ | 翻覆 ✕ | 昏厥 ✕",,,,控制的冷卻時間較長。地刺會造成最大生命值%傷，攻擊也會造成絕對的異常狀態,https://raw.githubusercontent.com/FengLingYu7563/image/refs/heads/main/toramtoram/boss/vlam.png
70,威琉魔,Velum,213/223/233/243/263,不用(世界鎖定),11,普原生素要塞．最深處,無,892,892,"青/藍/紅：8%
紫：75%","青/藍/紅：8%
紫：75%",330,25,物理:5 魔法:10 普攻:5,"青： 膽怯 ✓ | 翻覆 ✓ | 昏厥 ✓
紅： 膽怯 🛆 | 翻覆 ✓ | 昏厥 ✓
藍： 膽怯 ✓ | 翻覆 🛆 | 昏厥 ✓
紫： 膽怯 ✕ | 翻覆 ✕ | 昏厥 ✕
控技反擊: 王會變成紫色(20秒)，無敵5秒，施放9顆球(造成魔力爆發)，直線AOE攻擊(造成魔力爆發)，2個衝刺攻擊，且王在紫色時阻擋率非常高",,初始青色，根據仇恨持有者與BOSS的距離變色，<6公尺紅色，6(包含)~7公尺青色，7公尺及以上藍色,破位可以減少王的阻擋率,保持紅/藍形態20秒後，如果滿足距離條件，它會恢復為青色形態，並在8秒後再次切換顏色。這種週期性的顏色變化會在整個戰鬥過程中重複。控制不會重置彩色形態的20秒計時器，王在紫色時，對它造成畏懼會觸發反擊,https://raw.githubusercontent.com/FengLingYu7563/image/refs/heads/main/toramtoram/boss/velum.png
71,奧克拉辛,Oculasignio,206/216/226/236/256,不用(世界鎖定),11,烏爾卡尼山．山頂,暗,"正常：987
破身體：395","正常：987
破身體：395","正常：30%
1破：20%
2破：10%
3破：0%","正常：30%
1破：20%
2破：10%
3破：0%",310,30,物理:5 魔法:5 普攻:5,"HP>50%：
膽怯 ✓ | 翻覆 ✕ | 昏厥 ✓
HP<50%：
膽怯 ✕ | 翻覆 ✓ | 昏厥 ✕",,生命值低於50%時，BOSS將獲得新的攻擊模式,,,https://raw.githubusercontent.com/FengLingYu7563/image/refs/heads/main/toramtoram/boss/oculasignio.png
72,犰爾達,Gordel,219/229/239/249/269,不用(世界鎖定),11,麥廬萬泊地下瀑布．龍人之口,地,"正常：1717
破身體：1145","正常：1717
破身體：1145","正常：39%
破尾巴：19%","正常：39%
破尾巴：19%",350,40,物理:1 魔法:5 普攻:1,"階段1：
膽怯 ✓ | 翻覆 🛆 | 昏厥 ✕
階段2：
膽怯 ✕ | 翻覆 ✕ | 昏厥 ✓
階段1時如果膽怯未冷卻但被翻覆時，強制讓膽怯進入冷卻時間",,,"破尾：雙抗-20%
破身體：雙防-33%","1. Boss 擁有直線拳擊攻擊，可造成絕對[暈眩]
2. Boss 的攻擊方式是釋放尖刺，造成相當於最大生命值 90% 的傷害
所有尖刺範圍會在 5 秒後爆炸。爆炸造成相當於最大生命值 90% 的傷害",https://raw.githubusercontent.com/FengLingYu7563/image/refs/heads/main/toramtoram/boss/gordel.png
73,護衛魔像,Guard Golem,222/232/242/252/272,不用(世界鎖定),12,龍人之喉,地,"階段1：1160
階段2：0
階段3：0","階段1：1160
階段2：0
階段3：0","階段1：25%
階段2：80%
階段3：0%","階段1：25%
階段2：80%
階段3：0%",450,20,物理:0 魔法:0 普攻:0,"階段1（藍色）：膽怯 ✓ | 翻覆 ✓ | 昏厥 ✓
階段2（黃色）：階段開始時免疫 FTS；之後正常
階段3（紅色）：膽怯 ✕ | 翻覆 ✕ | 昏厥 ✕",,"1. HP = 50% 進階段2(黃色)，會放龍捲造成最大生命值%傷
2. 階段2 20秒後或階段2下生命值達到25%進入階段3(紅色)
3. BOSS因20秒後這個處發條件進入階段3時，恢復最大生命值50%並釋放鯊魚鰭，放鯊魚鰭時可透過給予[麻痺]打斷
4. BOSS因生命值達到25%這個處發條件進入階段3時，不會恢復生命值或放鯊魚鰭
5. 階段3的紅色龍捲風會打最大生命值%傷，很痛",,不可[恐懼]，階段3用[麻痺]可以中斷BOSS行動5秒,https://raw.githubusercontent.com/FengLingYu7563/image/refs/heads/main/toramtoram/boss/guardgolem.png
74,灼龍伊戈涅烏斯,Burning Dragon Igneus,225/235/245/255/275,不用(世界鎖定),12,波瑪．莫加．村落中心,火,"階段1：823
階段2：823","階段1：823
階段2：823","階段1：9%
階段2：27%","階段1：9%
階段2：27%",360,20,物理:15 魔法:20 普攻:10,"膽怯 🛆 | 翻覆 🛆 | 昏厥 🛆
控制皆會使BOSS進入狂暴模式10秒",,"50%切換階段2，並進入狂暴模式，持續 10 秒，然後恢復正常。
在狂暴模式下，BOSS 將發射以 BOSS 為中心的衝擊波，造成魔法傷害並施加絕對的[點燃]效果。
[點燃]效果持續 1 秒。
衝擊波半徑為 5 公尺。
在階段轉換期間，BOSS 也會向仇恨持有者釋放多個漩渦",,"當BOSS被[冰凍]時不會對控制進行反擊，狂暴模式下會退出狂暴模式
由切換階段產生的狂暴模式無法被[冰凍]解除
免疫[點燃]及[恐懼]",https://raw.githubusercontent.com/FengLingYu7563/image/refs/heads/main/toramtoram/boss/igneus.png
75,欺龍米繆加,Trickster Dragon Mimyugon,228/238/248/258/278,不用(世界鎖定),12,控制區域．駕駛座區域,地,2620,2620,9%,9%,360,35,物理:10 魔法:15 普攻:5,階段1: 昏厥 ✕ | 膽怯/翻覆 ✓,,50%HP後進入第2階段+減速大紅毯,每破一位: 基礎物防/魔防減少 572,,https://raw.githubusercontent.com/FengLingYu7563/image/refs/heads/main/toramtoram/boss/mimyugon.png
76,絲岩比爾,Filrocas,231/241/251/261/281,不用(世界鎖定),12,龍人聖域．王龍繭之殿,火,360,724,"藍：9%
紅：-11%",9%,540,"藍：25
紅：55",物理:5 魔法:5 普攻:1,"階段1：
膽怯 ✕ | 翻覆 🛆 | 昏厥 ✓
階段2：
膽怯 ✓ | 翻覆 🛆 | 昏厥 ✕
翻覆時召喚半徑 21 公尺的地刺(中心安全，魔攻)。 Boss 也會進入無敵狀態，持續 5 秒，並切換至紅色模式",超過的傷害強制讓傷害停在HP = 50%，無法跳過這個限制直接秒,"1. 初始藍色，每20秒紅藍互換
2. HP = 50%時，切換成當前顏色的另一種",,"1. 雷射攻擊(魔攻，魔力爆炸)
2. 以BOSS為中心的地刺/自動攻擊(階段2)造成翻覆效果
3. 地刺有紅藍，紅的圓形，藍的環狀
4. 階段2時地刺的施放頻率增加",https://raw.githubusercontent.com/FengLingYu7563/image/refs/heads/main/toramtoram/boss/filrocas.png
77,惡龍法奇諾,Wicked Dragon Fazzino,234/244/254/264/284,不用(世界鎖定),12,推進機區域．推進機室,暗,"本體：488
小怪：352","本體：854
小怪：470","本體：9%
小怪：8%","本體：9%
小怪：8%","本體：360
小怪：350","本體：40
小怪：25","本體：物理:1 魔法:1 普攻:5
小怪：物理:15 魔法:15 普攻:20","膽怯 ✓ | 翻覆 🛆 | 昏厥 🛆
兩隻小怪未同時被殺掉時免疫翻/昏",限傷15萬，同時殺掉兩隻小怪解除限傷,"2個階段，一段1條血，換階段時無敵一段時間並召喚被殺掉的小怪
兩隻小怪""都""被殺後45秒會重生",,"小怪有兩種攻擊方式：
1.) 直線魔法攻擊，造成 [致盲]
2.) 恢復本體 15% 的生命值

本體的常見攻擊方式：
1.) 紅色直線攻擊（物理，絕對流血）
2.) 先全圖AOE，再環形尖刺（最大生命值%傷，點燃）
3.) 扇形魚鰭（魔法，乏力）
4.) 漩渦（最大生命值減少，恐懼）
5.) 以 Boss 為中心的藍色尖刺（最大生命值%傷，魔力爆炸）
6.) 3 發子彈（魔攻，恐懼）
7.) 紅色扇形，半徑 9 公尺，範圍攻擊（魔攻）
8.) 此 Boss 沒有自動攻擊",https://raw.githubusercontent.com/FengLingYu7563/image/refs/heads/main/toramtoram/boss/wickeddragonfazzino.png
78,枷拉木瓦,Walican,237/247/257/267/287,不用(世界鎖定),12,傑巴力．庫佈瓦．山頂,風,494,988,"模式1：9%
模式2：59%","模式1：9%
模式2：89%",445,35,物理:10 魔法:5 普攻:15,"模式1：膽怯 ✓ | 翻覆 ✓ | 昏厥 ✓
模式2(階段1): 膽怯 🛆 | 翻覆 🛆 | 昏厥 🛆
控技反擊: 全圖AOE攻擊(當前生命值%傷，遲緩)，結束模式2並重新檢查與仇恨目標的距離
模式2(階段2): 膽怯 ✓ | 翻覆 ✓ | 昏厥 ✓
結束模式2並重新檢查與仇恨目標的距離",,"1. 根據BOSS和仇恨持有者的距離決定模式1還是模式2
距離<6公尺：模式1
距離>=6公尺：模式2
切換至模式2時，王會暫時無敵並往北走

2. 50%HP時，王會無敵並往西方走，然後施放持續15秒的環形地刺(內圈5公尺，外圈24公尺，最大生命值%傷，出血)，並進入階段2
3. 階段2的模式1和模式2 觸發距離改為5m，且切換至模式2時往西走",,小心王的3次衝撞攻擊，如果被第一次衝撞命中(即使miss了)，王會施放以玩家為中心的AOE攻擊(造成擊退),https://raw.githubusercontent.com/FengLingYu7563/image/refs/heads/main/toramtoram/boss/walican.png
79,樂龍雷多爾基,Brass Dragon Reguita,240/250/260/270/290,不用(世界鎖定),12,波瑪．空達．村落中心,無,500,875,10%,10%,390,35,物理:3 魔法:5 普攻:7,"戰鬥開始或全地圖AOE前置：
膽怯 🛆 | 翻覆 ✓ | 昏厥 🛆
全地圖AOE或戰鬥開始的AOE被翻覆打斷：
膽怯 ✓ | 翻覆 🛆 | 昏厥 ✓
三角形發動控制反擊

控制反擊：4 次魔法攻擊（絕對詛咒、恐懼、眩暈、昏睡）和 1 次最大生命值%傷（道具禁用）。攻擊會在範圍攻擊警告後 5 秒出現。 BOSS 反擊時處於 [無敵] 狀態",對 Boss 造成 ≥1M 傷害會被限傷30萬，持續 10 秒。,HP = 50%時切階段，階段2攻擊模式變化,,"1. 戰鬥開始：全圖AOE(魔攻, 詛咒)，可被翻覆斷
2. 對非仇恨持有者的天火(固定傷害的魔攻，絕對翻覆)可被翻覆打斷
3. 對非仇恨持有者的直線攻擊造成大量當前生命值%傷
4. Boss攻擊（例如藍色漩渦、大型流星、初始範圍攻擊）造成的固定量的魔傷隨難度變化：
0星：50
1星：100
2星：200
3星：400
4星：60​​0",https://raw.githubusercontent.com/FengLingYu7563/image/refs/heads/main/toramtoram/boss/brassdragonreguita.png
80,多米纳雷多爾,Dominaredor,243/253/263/273/293,不用(世界鎖定),12,冰凍瀑布．最深處,"本體：暗
球：無","階段1/階段2: 1265
階段2+反擊模式: 634","階段1/階段2: 1265
階段2+反擊模式: 634","階段1: 50%
階段2: 20%
階段2+反擊模式: 10%","階段1: 50%
階段2: 20%
階段2+反擊模式: 10%",460,"階段1: 30
階段2: 40",物理: 1 魔法: 1 普攻: 5,"階段1： 膽怯 ✓ | 翻覆 ✓ | 昏厥 ✓
階段2： 膽怯 🛆 | 翻覆 🛆 | 昏厥 🛆
小怪： 膽怯 ✕ | 翻覆 ✕ | 昏厥 ✕

在階段2擊殺兩隻球以前可使用控技，如果擊殺超過兩隻，王會反擊：
膽怯： 復活左下的球
翻覆:：復活右上的球
昏厥: 復活左上 &和右下的球
膽/翻/昏： 王進行下一個攻擊並進入反擊模式5秒",,"HP = 50時切階段，共2

階段1：
每殺一顆球，本體雙抗減少10%
50%HP時，王進入鎖血狀態並施放魔法光束攻擊(最大生命值%傷，昏厥)，還會復活被擊殺的球
階段2：
擊殺任意2隻球可解除王的鎖血
在擊殺2隻後，每擊殺一隻球會增加王的雙抗10%(最多+20%)",,"左上白色球: 每10秒回復王的25%HP
右上紫色球: 施放小範圍攻擊(當前生命值%傷，冰凍)
左下紫色球: 施放隕石(昏厥)
右下紫色球: 施放鯊魚(最大生命值%傷，畏懼)
對球施放的沒帶有異常的攻擊傷害固定為1，可以用著火或猛毒",https://raw.githubusercontent.com/FengLingYu7563/image/refs/heads/main/toramtoram/boss/dominaredor.png
81,薩波,Zapo,246/256/266/276/296,不用(世界鎖定),13,普埃爾塔群島．礦口前,水,896,641,10%,10%,575,30,物理: 5 魔法: 10 普攻: 5,"階段1：
膽怯 ✓ | 翻覆 ✓ | 昏厥 ✓
階段2：
膽怯 🛆 | 翻覆 🛆 | 昏厥 🛆
階段2衝向龍捲風時免控",,"HP = 50%時獲得無敵並切換至階段2
3次衝向仇恨持有者，然後釋放龍捲風（最大生命值%傷，冰凍）
1次對仇恨持有者的三角形魚鰭(法攻，流血)",,,https://raw.githubusercontent.com/FengLingYu7563/image/refs/heads/main/toramtoram/boss/zapo.png
82,尉龍魯迪斯,Red Ash Dragon Rudis,249/259/269/279/299,不用(世界鎖定),13,埃斯浦幕穹頂．門前,地,647,906,10%,10%,388,35,物理: 5 魔法: 5 普攻: 10,"沒破頭：
膽怯 ✓ | 翻覆 ✓ | 昏厥 ✕
有破頭：
膽怯 ✓ | 翻覆 ✕ | 昏厥 ✓",HP = 50%(強制生命鎖定，超過的會被吃),當 Boss 的生命值低於 50% 時，Boss會多一種攻擊方式，放大量的天火 ,,,https://raw.githubusercontent.com/FengLingYu7563/image/refs/heads/main/toramtoram/boss/redashdragonrudis.png
83,東．普羅芬多,Don Profundo,252/262/272/282/302,不用(世界鎖定),13,廢棄區．水上廢墟頂部,水,"本體：787
小怪：488","本體：1047
小怪：488","本體平常：20%
本體防禦模式：90%
小怪：9%","本體平常：20%
本體防禦模式：90%
小怪：9%",400,"本體：30
小怪：20","本體：
物理: 5 魔法: 1 普攻: 10
小怪：
物理: 10 魔法: 10 普攻: 10","本體：
膽怯 ✓ | 翻覆 🛆 | 昏厥 🛆
小怪：
膽怯 ✓ | 翻覆 ✓ | 昏厥 ✓
對本體翻覆或昏厥，在可以點擊破位的時候，對BOSS傷害-100%",HP = 50%(強制生命鎖定，超過的會被吃),"1. HP = 50%，BOSS進入防禦模式，門口召喚2隻小怪，每個小怪會週期性的在自己的前方放3個龍捲風(當前生命值%傷，冰凍)持續5秒
2. 所有小怪被殺之後BOSS回到正常模式",,,https://raw.githubusercontent.com/FengLingYu7563/image/refs/heads/main/toramtoram/boss/donprofundo.png
84,巴圖德,Vatudo,255/265/275/285/305,不用(世界鎖定),13,深海．最深處,暗,1060,795,"正常：15%
控制：10%","正常：15%
控制：10%",400,35,物理: 3 魔法: 1 普攻: 1,"階段1：
膽怯 ✓ | 翻覆 ✕ | 昏厥 ✓
階段2：
膽怯 ✓ | 翻覆 ✓ | 昏厥 ✕",Boss通常擁有1百萬的傷害上限。如果被控制，1百萬的傷害上限將解除，持續30秒。,2個階段(兩條血)，切換階段時變回正常模式,雙抗變10%，持續30秒，秒數無法被疊加或重置,"1. 本體的流星攻擊全隊，直線攻擊打仇恨最低的
2. 小怪的生命值和迴避不會隨的難易度改變，會跟著仇恨持有者
3. 小怪攻擊模式：以玩家為中心的環形尖刺（當前生命值%傷，減速），然後以敵人為中心的半徑3公尺範圍攻擊（最大生命值%傷，減速)",https://raw.githubusercontent.com/FengLingYu7563/image/refs/heads/main/toramtoram/boss/vatudo2.png
85,轟龍波比納利,Raging Dragon Bovinari,258/268/278/288/308,不用(世界鎖定),13,恩惠神殿．殿堂,風,938,938,"階段1：10%
階段2：20%
階段2被膽/翻：30%","階段1：10%
階段2：20%
階段2被膽/翻：30%",400,"階段1：20
階段2：25
階段2被膽/翻：30",物理: 5 魔法: 5 普攻: 15,"階段1：
膽怯 ✓ | 翻覆 ✓ | 昏厥 🛆
昏對所有人進行不可迴避的反擊(最大生命值%傷，絕對昏厥)
階段2:：
膽怯 🛆 | 翻覆 🛆 | 昏厥 🛆
膽/翻後，15秒內王的雙抗增加10%且抗暴+5
昏對所有人進行不可迴避的反擊(最大生命值%傷，絕對昏厥)",,"有兩個階段(兩條血)
階段2剛開始時，王會暫時無敵並移動到中間，隨後施放以自身為中心的全圖環形AOE攻擊(造成逼退，內圈半徑6m)+以自身為中心的圓形AOE(造成逼退，半徑6m)，同時會有兩隻無法選中的小怪，開始定期施放大範圍AOE攻擊(最大生命值%傷，沉默/出血)",,,https://raw.githubusercontent.com/FengLingYu7563/image/refs/heads/main/toramtoram/boss/bovinari.png
86,修米達,Humida,261/271/281/291/311,不用(世界鎖定),13,巨大普原生素體(水都瑪爾),"模式1：水
模式2：暗","本體:
模式1：1897；模式2：813
球：
模式1：1500；模式2：500","本體:
模式1：813；模式2：1897
球：
模式1：500；模式2：1500","本體:
模式1：30%；模式2：10%
球：
模式1：15%；模式2：5%","本體:
模式1：10%；模式2：30%
球：
模式1：5%；模式2：15%","本體：530
球：200","本體：模式1：30； 模式2： 40
球：20","本體:
物理: 1 魔法: 1 普攻: 5
球：
物理: 0 魔法: 0普攻: 0","本體：
模式1：膽怯 ✓ | 翻覆 ✓ | 昏厥 ✕
模式2：膽怯 ✓ | 翻覆 ✕ | 昏厥 ✓
階段2在模式的基礎上額外多了不可被膽
球：
膽怯 ✓ | 翻覆 ✓ | 昏厥 ✓",,"HP = 50%進入階段2

1. 戰鬥開始：北部有一顆球，第一次攻擊後，每30秒產生一顆球(最多3個)
第二個球會週期性的向仇恨持有者發動攻擊(物攻，翻覆)
第三個球會交替進行半地圖的AOE(最大生命值%傷，絕對恐懼)，這顆球會停在地圖的右邊

2. 球的顏色決定BOSS的模式，藍色模式1，黑色模式2
3. 擊敗所有球會刷新所有球的顏色
4. 球(自從死掉後)30秒會重生
5. 任何球刷新時，球都會獲得[無敵]效果
6. 球的生命(1星難度)為100萬

7. 當兩個球同時啟動：
Boss的30%抗性→60%。
Boss 10% 防禦 → 20%

8. 3 球啟動時：Boss 生命值鎖定，直至所有球被擊敗

生命值達到 50% 時：所有 3 個球將刷新",,,https://raw.githubusercontent.com/FengLingYu7563/image/refs/heads/main/toramtoram/boss/humida.png
87,魯托賽薩,Torexesa,259/269/279/289/309,要(區域鎖定),14,水都阿古瓦．評議會議事堂,暗,1143,1143,"階段1~3：20%
階段4：-15%",階段1~4：20%,610,"階段1~3：35
階段4：100",物理: 1 魔法: 1 普攻: 1,"階段1：膽怯 ✓ | 翻覆 ✓ | 昏厥 ✕
階段2：膽怯 ✕ | 翻覆 ✓ | 昏厥 ✓
階段3：膽怯 ✓ | 翻覆 ✓ | 昏厥 ✕
階段4：膽怯 ✕ | 翻覆 ✓ | 昏厥 ✕",階段4：強制最低傷害 9999,"切換階段時 BOSS 無敵

階段1->階段2：
生成 5 個無法被選中的怪物，釋放直線鯊魚(魔攻，詛咒)後消失

階段2->階段3：
生成 5 個無法被選中的怪物，釋放 AOE 後消失。
中心黑球釋放全地圖環形尖刺床（魔攻，絕對減速）
周圍4個紅球釋放以敵人為中心的AOE（最大生命值%傷，詛咒）

階段3->階段4：
生成一個不可選中的怪物在地圖中心，並釋放全圖環形尖刺（當前生命值%傷，絕對減速）
中心生物週期性地釋放以敵人為中心的尖刺（當前生命值%傷，絕對減速）",,,https://raw.githubusercontent.com/FengLingYu7563/image/refs/heads/main/toramtoram/boss/torexesa.png
88,穆爾貢,Mulgoon,261/271/281/291/311,要,14,梅納布拉平原,暗,"左/右手：1097
大隻的小怪：810
小隻的小怪：675","左/右手：1097
大隻的小怪：810
小隻的小怪：675","左手：
階段1：0%
階段2~4：10%
右手：10%
大隻的小怪：10%
小隻的小怪：10%","左手：
階段1：0%
階段2~4：10%
右手：10%
大隻的小怪：10%
小隻的小怪：10%","左手：420
右手：420
大隻的小怪：220
小隻的小怪：620","左手：40
右手：40
大隻的小怪：25
小隻的小怪：25","全都
物理: 1 魔法: 1 普攻: 1","左/右手：
膽怯 ✕ | 翻覆 ✕ | 昏厥 ✓
大隻/小隻的小怪：
膽怯 ✓ | 翻覆 ✓ | 昏厥 ✓",,"4個階段

階段1：
召喚1個大小怪跟4個小小怪
30秒後，召喚2個小怪，並每30秒刷新一次（整場戰鬥都會刷新）
左/右手都擊敗後進入階段2（被擊敗的手生命值鎖定）

階段2和階段3：
除了所有未被擊敗的怪之外，還會召喚1個大小怪跟2個小小怪
階段2：右手怪生命值鎖定，直至左手怪被擊敗
階段3：左手怪生命值鎖定，直至右手怪被擊敗
左/右手都擊敗後進入下個階段

階段4：
除了所有未被擊敗的怪之外，還會召喚1個大小怪跟4個小小怪
左/右手生命值不受鎖定",,"值得注意的攻擊：
左/右手：
半圓形環形尖刺（魔攻，詛咒）
半圓形紅色範圍攻擊（物攻，翻）
天火（魔攻，膽），落地後變成尖刺（最大生命值%傷，緩速）

小小怪：
直線範圍攻擊（最大生命值%傷，衰弱）

大小怪：
治療範圍（圍繞身體旋轉的圓圈）← 治療所有敵人！",https://raw.githubusercontent.com/FengLingYu7563/image/refs/heads/main/toramtoram/boss/mulgoon.png
89,畸弗美斯,Deformis,264/274/287/294/314,不用(世界鎖定),14,尤馬諾村落遺址．中央區,土,"階段1：830
階段2：208","階段1：830
階段2：208",11%,11%,"階段1：208
階段2：830",30,物理: 3 魔法: 3 普攻: 3,"階段1：
膽怯 ✓ | 翻覆 🛆 | 昏厥 ✓
階段2：
膽怯 🛆 | 翻覆 ✓ | 昏厥 🛆
三角形發動控制反擊

反擊：
Boss 會釋放一道直線雷射（魔攻，魔力爆炸，全地圖範圍），同時順時針旋轉 330 度。
Boss 在反擊期間免疫一切控制。
反擊期間的安全區域位於直線範圍的右側邊緣。",,HP = 50%時切換階段,,"Boss 在正常攻擊模式下也會進行旋轉雷射攻擊（魔攻，魔力爆炸）。在這種情況下，它只會順時針旋轉 30 度。
雷射攻擊在範圍警告後 5 秒釋放。

其他攻擊：
衝刺攻擊（物攻，擊退）
全隊流星（魔攻，膽）
以敵人為中心的尖刺（最大生命值%傷，減速）
以玩家為中心的範圍（物攻，翻）
以敵人為中心的範圍（物攻）
x3 直線衝撞（最大生命值%傷，昏）",https://raw.githubusercontent.com/FengLingYu7563/image/refs/heads/main/toramtoram/boss/deformis.png
90,蔓迪,Menti,273/283/293/303/323,要,14,福摩爾溪谷．第3區,地,3360,3360,"正常：51%
破頭：11%","正常：51%
破頭：11%",410,35,物理: 2 魔法: 3 普攻: 2,"膽怯 🛆 | 翻覆 ✕ | 昏厥 🛆
膽/昏讓BOSS雙抗變為99%",,,,點燃：對 Boss 造成的傷害 +25%,https://raw.githubusercontent.com/FengLingYu7563/image/refs/heads/main/toramtoram/boss/menti.png
91,比斯奇巴,Biskyva,273/283/293/303/323,不用(世界鎖定),14,水原生素體．中央區,水,1130,1130,12%,12%,510,40,物理: 4 魔法: 10 普攻: 6,膽怯 ✓ | 翻覆 ✓ | 昏厥 ✓,,"HP = 50%切階段，獲得短暫無敵
並依序釋放以下攻擊：
外圍環形地刺（當前生命值%傷，中毒）
中間環形地刺（最大生命值%傷，中毒）+ 以 BOSS 為中心的流星（最大生命值%傷，麻痺），並形成漩渦（當前生命值落地時（當前生命值%傷，睡眠）

階段轉換期間的安全區域是距離 Boss 5 公尺的圓形區域","身體部位破壞：
頭部：雙防+25%
身體：雙防-12.5%
尾巴：雙防-12.5%","階段1 vs 階段2 攻擊模式變化：
（階段1：3倍，階段2：5倍）向仇恨持有者衝刺（物攻，擊退），最終向地圖中心發動衝刺攻擊 + 旋轉鯊魚（當前生命值%傷，流血）
（階段1：3倍，階段2：5倍）向仇恨持有者衝刺（最大生命值%傷，冰凍），落地後形成漩渦（當前生命值%傷，睡眠），最終向魔力井底部發起攻擊（最大生命值%傷，爆炸時暈眩）

備註：
2× 鯊魚（最大生命值%傷，流血）
自動攻擊 (P) → 2× 神龍擺尾 紅色AOE（物攻，恐懼）到以boss為中心的漩渦（當前生命值%傷，睡眠）",https://github.com/FengLingYu7563/image/blob/main/toramtoram/boss/biskyva.png
92,毗奴古爾迦,Piscruva,276/286/296/306/326,要,14,穆特村．廣場,水,1145,715,"階段1：15%
階段2：
防禦模式：45%
普通：15%","階段1：10%
階段2：
防禦模式：30%
普通：10%",520,"階段1：20
階段2：35",物理: 3 魔法: 5 普攻: 10,"階段1：膽怯 ✓ | 翻覆 ✓ | 昏厥 ✓
階段2(防禦模式)：膽怯 ✓ | 翻覆 ✕ | 昏厥 ✕
階段2(普通模式)：膽怯 ✓ | 翻覆 ✓ | 昏厥 ✕",,"HP = 80%切換至階段2，並獲得短暫無敵

階段 2 ：
防禦模式持續 30 秒後，Boss 將切換至普通模式
普通模式持續 60 秒後，Boss 將切換至殼模式",,"1. 如果 Boss 以 Boss 為中心的圓形 AOE（魔攻，絕對擊退）開始攻擊，它將釋放一個中範圍環形 AOE（魔攻，冰凍），緊接著是一個大範圍環形 AOE（魔攻，昏）
2. 如果Boss以大範圍環形AOE（魔攻，睡眠）開始攻擊，它將釋放一個中範圍環形AOE（魔攻，冰凍），緊接著以Boss為中心釋放一個圓形AOE（魔攻，昏）
3. 圓形AOE半徑為7公尺。中範圍環形AOE的內半徑和外半徑分別為4公尺和9公尺。大範圍環形AOE的內半徑和外半徑分別為6公尺和11公尺",https://raw.githubusercontent.com/FengLingYu7563/image/refs/heads/main/toramtoram/boss/piscruva.png
93,真．魔晶獸,Supreme Evil Crystal Beast,279/289/299/309/329,要,14,利古薩羅廢城．宅邸建築(里格薩羅廢城),暗,910,1013,20%,20%,440,35,物理: 1 魔法: 1 普攻: 1,"階段1：膽怯 ✕ | 翻覆 ✓ | 昏厥 ✕
階段2：膽怯 ✓ | 翻覆 ✕ | 昏厥 ✓
階段3：膽怯 ✓ | 翻覆 ✓ | 昏厥 ✓",,"HP = 80%、40%時切階段，共3

階段轉換：
Boss暫時獲得[無敵]狀態並變成淺綠色。
當Boss變成淺綠色時，其生命值被鎖定。
擊打Boss 10次（階段1->階段2）或15次（階段2->階段3）將使其切換回普通模式（紫色）。",,,https://raw.githubusercontent.com/FengLingYu7563/image/refs/heads/main/toramtoram/boss/supremeecb.png
94,爆山,Bakuzan,282/292/302/312/332,不用(世界鎖定),15,阿夫瓦爾高山．山頂,無,"本體：1460
小怪：0","本體：585
小怪：0","本體：10%
小怪：10%","本體：10%
小怪：10%","本體：440
小怪：0","本體：35
小怪：20","本體：
物理: 20 魔法: 20 普攻: 10
小怪：
物理: 15 魔法: 15 普攻: 10",膽怯 ✓ | 翻覆 ✓ | 昏厥 ✓,,,,"Boss 會伴隨4隻小怪。
每10個小怪被擊敗，Boss 就會以半徑 11 公尺、以敵人為中心的地刺（最大生命值%傷）進行反擊。
小怪被擊敗後2秒會重生
1星模式下小怪血量為30700",https://raw.githubusercontent.com/FengLingYu7563/image/refs/heads/main/toramtoram/boss/bakuzan.png
,隆迪奈,,285/295/305/315/335,,15,內比亞海岸．岩場,,,,,,,,,,,,,,
,古拉,,288/298/308/318/338,,15,螺鈿高樓．最上層,,,,,,,,,,,,,,
